Player,Age,Squad,Height,Weight,Foot,Value
V. van Dijk CB,31,"Liverpool
2018 ~ 2025","193cm / 6'4""",92kg / 203lbs,Right,€70.5M
Rúben Dias CB,26,"Manchester City
2020 ~ 2027","187cm / 6'2""",82kg / 181lbs,Right,€106.5M
Marquinhos CB,29,"Paris Saint Germain
2013 ~ 2028","183cm / 6'0""",75kg / 165lbs,Right,€73.5M
R. Araujo CB RB,24,"FC Barcelona
2018 ~ 2026","188cm / 6'2""",79kg / 174lbs,Right,€93M
Éder Militão CB,25,"Real Madrid
2019 ~ 2028","186cm / 6'1""",78kg / 172lbs,Right,€80M
J. Stones CB CDM RB,29,"Manchester City
2016 ~ 2026","188cm / 6'2""",76kg / 168lbs,Right,€49.5M
A. Bastoni CB,24,"Inter
2017 ~ 2028","190cm / 6'3""",75kg / 165lbs,Left,€73.5M
J. Koundé CB RB,24,"FC Barcelona
2022 ~ 2027","180cm / 5'11""",75kg / 165lbs,Right,€69.5M
D. Alaba CB LB,31,"Real Madrid
2021 ~ 2026","180cm / 5'11""",78kg / 172lbs,Left,€37M
A. Rüdiger CB,30,"Real Madrid
2022 ~ 2026","190cm / 6'3""",86kg / 190lbs,Right,€44M
Gabriel CB,25,"Arsenal
2020 ~ 2027","190cm / 6'3""",87kg / 192lbs,Left,€47M
W. Saliba CB,22,"Arsenal
2019 ~ 2027","193cm / 6'4""",85kg / 187lbs,Right,€58.5M
Thiago Silva CB,38,"Chelsea
2020 ~ 2024","183cm / 6'0""",79kg / 174lbs,Right,€7.5M
L. Martínez CB,25,"Manchester United
2022 ~ 2027","178cm / 5'10""",77kg / 170lbs,Left,€49.5M
L. Hernández LB CB,27,"Paris Saint Germain
2023 ~ 2028","184cm / 6'0""",79kg / 174lbs,Left,€40.5M
M. de Ligt CB,23,"FC Bayern München
2022 ~ 2027","189cm / 6'2""",89kg / 196lbs,Right,€57.5M
Kim Min Jae CB,26,"FC Bayern München
2023 ~ 2028","190cm / 6'3""",86kg / 190lbs,Right,€46M
M. Hummels CB,34,"Borussia Dortmund
2019 ~ 2024","191cm / 6'3""",94kg / 207lbs,Right,€13.5M
Bremer CB,26,"Juventus
2022 ~ 2027","188cm / 6'2""",82kg / 181lbs,Right,€49M
F. Tomori CB,25,"Milan
2021 ~ 2027","185cm / 6'1""",79kg / 174lbs,Right,€52.5M
C. Smalling CB,33,"Roma
2020 ~ 2025","194cm / 6'4""",81kg / 179lbs,Right,€20M
A. Tchouaméni CDM CM CB,23,"Real Madrid
2022 ~ 2028","188cm / 6'2""",82kg / 181lbs,Right,€58.5M
Pau Torres CB,26,"Aston Villa
2023 ~ 2028","191cm / 6'3""",80kg / 176lbs,Left,€42M
R. Varane CB,30,"Manchester United
2021 ~ 2024","191cm / 6'3""",81kg / 179lbs,Right,€30M
S. Botman CB,23,"Newcastle United
2022 ~ 2027","193cm / 6'4""",81kg / 179lbs,Left,€47M
C. Romero CB,25,"Tottenham Hotspur
2022 ~ 2027","185cm / 6'1""",79kg / 174lbs,Right,€45.5M
M. Škriniar CB,28,"Paris Saint Germain
2023 ~ 2028","188cm / 6'2""",80kg / 176lbs,Right,€31.5M
D. Upamecano CB,24,"FC Bayern München
2021 ~ 2026","186cm / 6'1""",90kg / 198lbs,Right,€44.5M
N. Süle CB RB,27,"Borussia Dortmund
2022 ~ 2026","195cm / 6'5""",99kg / 218lbs,Right,€38.5M
M. Ginter CB,29,"SC Freiburg
2022 ~ 2026","189cm / 6'2""",87kg / 192lbs,Right,€30.5M
J. Tah CB,27,"Bayer 04 Leverkusen
2015 ~ 2025","195cm / 6'5""",94kg / 207lbs,Right,€36.5M
W. Orban CB,30,"RB Leipzig
2015 ~ 2027","186cm / 6'1""",87kg / 192lbs,Right,€30M
F. Acerbi CB,35,"Inter
2023 ~ 2025","192cm / 6'4""",88kg / 194lbs,Left,€9.5M
F. Dimarco LWB LM CB,25,"Inter
2018 ~ 2026","175cm / 5'9""",75kg / 165lbs,Left,€42M
B. Pavard CB RB,27,"Inter
2023 ~ 2028","186cm / 6'1""",81kg / 179lbs,Right,€36.5M
A. Romagnoli CB,28,"Lazio
2022 ~ 2027","185cm / 6'1""",75kg / 165lbs,Left,€31.5M
G. Mancini CB,27,"Roma
2020 ~ 2027","190cm / 6'3""",77kg / 170lbs,Right,€38.5M
J. Giménez CB,28,"Atlético Madrid
2013 ~ 2025","185cm / 6'1""",79kg / 174lbs,Right,€34.5M
A. Christensen CB CDM,27,"FC Barcelona
2022 ~ 2026","187cm / 6'2""",82kg / 181lbs,Right,€38.5M
Nacho Fernández CB LB RB,33,"Real Madrid
2010 ~ 2024","180cm / 5'11""",76kg / 168lbs,Right,€17.5M
Sergio Ramos CB,37,"Sevilla
2023 ~ 2024","184cm / 6'0""",82kg / 181lbs,Right,€6.5M
I. Konaté CB,24,"Liverpool
2021 ~ 2026","194cm / 6'4""",95kg / 209lbs,Right,€41.5M
N. Aké CB LB,28,"Manchester City
2020 ~ 2027","180cm / 5'11""",75kg / 165lbs,Left,€29M
M. Akanji CB,27,"Manchester City
2022 ~ 2027","187cm / 6'2""",91kg / 201lbs,Right,€30.5M
J. Gvardiol CB LB,21,"Manchester City
2023 ~ 2028","185cm / 6'1""",80kg / 176lbs,Left,€44.5M
L. Shaw LB CB,27,"Manchester United
2014 ~ 2027","181cm / 5'11""",75kg / 165lbs,Left,€29.5M
F. Schär CB,31,"Newcastle United
2018 ~ 2025","188cm / 6'2""",84kg / 185lbs,Right,€21M
E. Can CDM CB,29,"Borussia Dortmund
2020 ~ 2026","186cm / 6'1""",86kg / 190lbs,Right,€26M
N. Schlotterbeck CB,23,"Borussia Dortmund
2022 ~ 2027","191cm / 6'3""",86kg / 190lbs,Left,€39.5M
S. de Vrij CB,31,"Inter
2018 ~ 2025","189cm / 6'2""",78kg / 172lbs,Right,€21M
Mario Hermoso CB,28,"Atlético Madrid
2019 ~ 2024","184cm / 6'0""",76kg / 168lbs,Left,€29M
Iñigo Martínez CB,32,"FC Barcelona
2023 ~ 2025","182cm / 6'0""",76kg / 168lbs,Left,€20M
R. Le Normand CB,26,"Real Sociedad
2016 ~ 2026","187cm / 6'2""",81kg / 179lbs,Right,€35.5M
David García CB,29,"Osasuna
2013 ~ 2026","185cm / 6'1""",72kg / 159lbs,Right,€25.5M
B. White RB CB,25,"Arsenal
2021 ~ 2026","185cm / 6'1""",77kg / 170lbs,Right,€29.5M
Diego Carlos CB,30,"Aston Villa
2022 ~ 2026","186cm / 6'1""",79kg / 174lbs,Right,€21M
E. Álvarez CDM CB,25,"West Ham United
2023 ~ 2028","187cm / 6'2""",73kg / 161lbs,Right,€31M
L. Dunk CB,31,"Brighton & Hove Albion
2010 ~ 2026","192cm / 6'4""",88kg / 194lbs,Right,€17.5M
Danilo Pereira CB CDM,31,"Paris Saint Germain
2020 ~ 2025","188cm / 6'2""",83kg / 183lbs,Right,€17.5M
P. Kimpembe CB,27,"Paris Saint Germain
2015 ~ 2026","189cm / 6'2""",80kg / 176lbs,Left,€27.5M
R. Andrich CDM CB,28,"Bayer 04 Leverkusen
2021 ~ 2026","186cm / 6'1""",85kg / 187lbs,Right,€22.5M
E. Tapsoba CB,24,"Bayer 04 Leverkusen
2020 ~ 2028","194cm / 6'4""",84kg / 185lbs,Right,€33M
Danilo CB RB,31,"Juventus
2019 ~ 2025","184cm / 6'0""",78kg / 172lbs,Right,€17.5M
S. Kjær CB,34,"Milan
2020 ~ 2024","190cm / 6'3""",86kg / 190lbs,Right,€8.5M
B. Cristante CDM CM CB,28,"Roma
2019 ~ 2027","186cm / 6'1""",80kg / 176lbs,Right,€22.5M
S. Savić CB,32,"Atlético Madrid
2015 ~ 2024","187cm / 6'2""",80kg / 176lbs,Right,€16.5M
Reinildo LB CB LWB,29,"Atlético Madrid
2022 ~ 2025","180cm / 5'11""",73kg / 161lbs,Left,€22.5M
Yeray CB,28,"Athletic Club
2014 ~ 2026","182cm / 6'0""",79kg / 174lbs,Right,€24.5M
E. Konsa CB RB,25,"Aston Villa
2019 ~ 2028","183cm / 6'0""",77kg / 170lbs,Right,€23.5M
J. Matip CB,31,"Liverpool
2016 ~ 2024","194cm / 6'4""",90kg / 198lbs,Right,€14.5M
J. Gomez CB RB LB,26,"Liverpool
2015 ~ 2027","188cm / 6'2""",77kg / 170lbs,Right,€24.5M
H. Maguire CB,30,"Manchester United
2019 ~ 2025","193cm / 6'4""",100kg / 220lbs,Right,€17.5M
M. van de Ven CB,22,"Tottenham Hotspur
2023 ~ 2029","193cm / 6'4""",81kg / 179lbs,Left,€31M
F. Medina CB,24,"Lens
2020 ~ 2026","184cm / 6'0""",77kg / 170lbs,Left,€27M
K. Danso CB,24,"Lens
2021 ~ 2027","190cm / 6'3""",85kg / 187lbs,Right,€27M
J. Todibo CB,23,"Nice
2021 ~ 2027","190cm / 6'3""",88kg / 194lbs,Right,€29M
M. Simakan CB RB,23,"RB Leipzig
2021 ~ 2027","187cm / 6'2""",82kg / 181lbs,Right,€29M
M. de Roon CDM CM CB,32,"Atalanta
2017 ~ 2024","185cm / 6'1""",76kg / 168lbs,Right,€14M
M. Darmian CB RWB RM,33,"Inter
2021 ~ 2024","183cm / 6'0""",70kg / 154lbs,Right,€10M
A. Rrahmani CB,29,"Napoli
2020 ~ 2027","192cm / 6'4""",83kg / 183lbs,Right,€17.5M
A. Witsel CB,34,"Atlético Madrid
2022 ~ 2024","186cm / 6'1""",81kg / 179lbs,Right,€7M
Vivian CB,23,"Athletic Club
2019 ~ 2026","183cm / 6'0""",83kg / 183lbs,Right,€27M
Aritz Elustondo CB RB,29,"Real Sociedad
2014 ~ 2024","180cm / 5'11""",71kg / 157lbs,Right,€19.5M
Zubeldia CB,26,"Real Sociedad
2015 ~ 2029","181cm / 5'11""",73kg / 161lbs,Right,€26M
N. Gudelj CB CDM,31,"Sevilla
2019 ~ 2026","187cm / 6'2""",79kg / 174lbs,Right,€14.5M
Raúl Albiol CB,37,"Villarreal
2019 ~ 2024","190cm / 6'3""",82kg / 181lbs,Right,€3.8M
Arnau Martínez RB CB RWB,20,"Girona
2020 ~ 2025","182cm / 6'0""",72kg / 159lbs,Right,€30.5M
J. Timber CB RB,22,"Arsenal
2023 ~ 2028","179cm / 5'10""",78kg / 172lbs,Right,€33M
T. Mings CB,30,"Aston Villa
2019 ~ 2026","196cm / 6'5""",77kg / 170lbs,Left,€14.5M
A. Disasi CB RB,25,"Chelsea
2023 ~ 2029","190cm / 6'3""",86kg / 190lbs,Right,€23M
Marc Cucurella LB CB RB,24,"Chelsea
2022 ~ 2028","173cm / 5'8""",66kg / 146lbs,Left,€23.5M
W. Fofana CB,22,"Chelsea
2022 ~ 2028","190cm / 6'3""",76kg / 168lbs,Right,€24.5M
J. Tarkowski CB,30,"Everton
2022 ~ 2026","188cm / 6'2""",81kg / 179lbs,Right,€14.5M
V. Lindelöf CB LB,28,"Manchester United
2017 ~ 2025","187cm / 6'2""",80kg / 176lbs,Right,€16.5M
K. Zouma CB,28,"West Ham United
2021 ~ 2025","190cm / 6'3""",95kg / 209lbs,Right,€16.5M
N. Aguerd CB,27,"West Ham United
2022 ~ 2027","190cm / 6'3""",76kg / 168lbs,Left,€18.5M
J. Andersen CB,27,"Crystal Palace
2021 ~ 2026","192cm / 6'4""",90kg / 198lbs,Right,€18.5M
E. Pinnock CB,30,"Brentford
2019 ~ 2027","194cm / 6'4""",79kg / 174lbs,Left,€14.5M
D. Zakaria CDM CM CB,26,"Monaco
2023 ~ 2028","190cm / 6'3""",81kg / 179lbs,Right,€20.5M
Dante CB,39,"Nice
2016 ~ 2024","188cm / 6'2""",89kg / 196lbs,Left,€3.1M
N. Mukiele RB RWB CB,25,"Paris Saint Germain
2022 ~ 2027","187cm / 6'2""",84kg / 185lbs,Right,€20M
C. Mbemba CB,28,"Olympique de Marseille
2022 ~ 2025","182cm / 6'0""",81kg / 179lbs,Right,€16.5M
P. Lienhart CB,26,"SC Freiburg
2018 ~ 2026","189cm / 6'2""",83kg / 183lbs,Right,€18M
O. Kossounou CB,22,"Bayer 04 Leverkusen
2021 ~ 2026","191cm / 6'3""",82kg / 181lbs,Right,€33M
P. Hincapié CB,21,"Bayer 04 Leverkusen
2021 ~ 2027","183cm / 6'0""",77kg / 170lbs,Left,€33M
L. Klostermann CB RB,27,"RB Leipzig
2014 ~ 2028","189cm / 6'2""",88kg / 194lbs,Right,€17.5M
Rafael Tolói CB,32,"Atalanta
2015 ~ 2025","185cm / 6'1""",75kg / 165lbs,Right,€11.5M
N. Casale CB,25,"Lazio
2022 ~ 2027","191cm / 6'3""",80kg / 176lbs,Right,€20.5M
P. Schuurs CB,23,"Torino
2022 ~ 2026","191cm / 6'3""",85kg / 187lbs,Right,€24M
A. Buongiorno CB,24,"Torino
2018 ~ 2028","190cm / 6'3""",86kg / 190lbs,Left,€25M
N. Milenković CB,25,"Fiorentina
2017 ~ 2027","195cm / 6'5""",90kg / 198lbs,Right,€20.5M
Azpilicueta CB RB,33,"Atlético Madrid
2023 ~ 2024","178cm / 5'10""",77kg / 170lbs,Right,€8.5M
R. Tapia CDM CM CB,27,"Celta de Vigo
2020 ~ 2024","185cm / 6'1""",80kg / 176lbs,Right,€16.5M
Catena CB,28,"Osasuna
2023 ~ 2028","194cm / 6'4""",82kg / 181lbs,Right,€16.5M
David López CB CDM,33,"Girona
2022 ~ 2026","183cm / 6'0""",81kg / 179lbs,Right,€8.5M
B. Badiashile CB,22,"Chelsea
2023 ~ 2030","194cm / 6'4""",75kg / 165lbs,Left,€26.5M
D. Burn CB LB,31,"Newcastle United
2022 ~ 2025","198cm / 6'6""",87kg / 192lbs,Left,€9.5M
Felipe CB,34,"Nottingham Forest
2023 ~ 2024","190cm / 6'3""",84kg / 185lbs,Right,€4.6M
Emerson Royal RB CB,24,"Tottenham Hotspur
2021 ~ 2026","181cm / 5'11""",79kg / 174lbs,Right,€17M
K. Mavropanos CB RB,25,"West Ham United
2023 ~ 2028","194cm / 6'4""",89kg / 196lbs,Right,€17.5M
M. Guéhi CB,22,"Crystal Palace
2021 ~ 2026","182cm / 6'0""",82kg / 181lbs,Right,€20.5M
A. Webster CB,28,"Brighton & Hove Albion
2019 ~ 2026","191cm / 6'3""",75kg / 165lbs,Right,€12M
J. Veltman RB CB,31,"Brighton & Hove Albion
2020 ~ 2025","184cm / 6'0""",75kg / 165lbs,Right,€10M
B. Mee CB,33,"Brentford
2022 ~ 2024","180cm / 5'11""",82kg / 181lbs,Left,€6.5M
J. Gradit CB,30,"Lens
2019 ~ 2026","180cm / 5'11""",75kg / 165lbs,Right,€11.5M
S. Gigot CB,29,"Olympique de Marseille
2022 ~ 2025","187cm / 6'2""",83kg / 183lbs,Right,€12M
R. Bensebaini LB CB,28,"Borussia Dortmund
2023 ~ 2027","187cm / 6'2""",82kg / 181lbs,Left,€12.5M
W. Anton CB,26,"VfB Stuttgart
2020 ~ 2027","189cm / 6'2""",86kg / 190lbs,Right,€14.5M
R. Koch CB CDM,26,"Eintracht Frankfurt
Jun 30, 2024 On loan","191cm / 6'3""",85kg / 187lbs,Right,€15.5M
D. Doekhi CB,25,"FC Union Berlin
2022 ~ 2026","190cm / 6'3""",86kg / 190lbs,Right,€15.5M
C. Lukeba CB,20,"RB Leipzig
2023 ~ 2028","184cm / 6'0""",73kg / 161lbs,Left,€26M
S. Kolašinac CB LB,30,"Atalanta
2023 ~ 2025","183cm / 6'0""",85kg / 187lbs,Left,€11.5M
B. Djimsiti CB,30,"Atalanta
2016 ~ 2026","190cm / 6'3""",83kg / 183lbs,Right,€11.5M
F. Gatti CB,25,"Juventus
2022 ~ 2027","190cm / 6'3""",80kg / 176lbs,Right,€17.5M
P. Kalulu CB RB,23,"Milan
2020 ~ 2027","184cm / 6'0""",82kg / 181lbs,Right,€26M
Diego Llorente CB,29,"Roma
Jun 30, 2024 On loan","186cm / 6'1""",76kg / 168lbs,Right,€12M
E. Ndicka CB,23,"Roma
2023 ~ 2028","192cm / 6'4""",82kg / 181lbs,Left,€19M
K. Manolas CB,32,"Salernitana
2024 ~ 2024","189cm / 6'2""",83kg / 183lbs,Right,€9M
Marcos Alonso LB CB,32,"FC Barcelona
2022 ~ 2024","188cm / 6'2""",84kg / 185lbs,Left,€9.5M
Marc Bartra CB,32,"Real Betis
2023 ~ 2024","184cm / 6'0""",73kg / 161lbs,Right,€9M
J. Aidoo CB,27,"Celta de Vigo
2019 ~ 2026","181cm / 5'11""",80kg / 176lbs,Right,€15M
Marcão CB,27,"Sevilla
2022 ~ 2027","185cm / 6'1""",80kg / 176lbs,Left,€16M
D. Blind CB LB CDM,33,"Girona
2023 ~ 2025","180cm / 5'11""",72kg / 159lbs,Left,€6.5M
M. Niakhaté CB,27,"Nottingham Forest
2022 ~ 2025","190cm / 6'3""",85kg / 187lbs,Left,€11M
B. Davies CB LB,30,"Tottenham Hotspur
2014 ~ 2025","181cm / 5'11""",76kg / 168lbs,Left,€8.5M
C. Dawson CB,33,"Wolverhampton Wanderers
2023 ~ 2025","188cm / 6'2""",77kg / 170lbs,Right,€5M
S. Bueno CB,24,"Wolverhampton Wanderers
2023 ~ 2028","190cm / 6'3""",76kg / 168lbs,Right,€14.5M
M. Kilman CB,26,"Wolverhampton Wanderers
2018 ~ 2028","194cm / 6'4""",89kg / 196lbs,Left,€13M
I. Diop CB,26,"Fulham
2022 ~ 2027","194cm / 6'4""",92kg / 203lbs,Right,€11.5M
S. Umtiti CB,29,"LOSC Lille
2023 ~ 2025","182cm / 6'0""",75kg / 165lbs,Left,€9M
G. Maripán CB,29,"Monaco
2019 ~ 2024","190cm / 6'3""",83kg / 183lbs,Right,€9.5M
W. Singo CB RWB,22,"Monaco
2023 ~ 2028","190cm / 6'3""",79kg / 174lbs,Right,€20M
A. Theate CB,23,"Rennes
2022 ~ 2027","185cm / 6'1""",78kg / 172lbs,Left,€13.5M
Y. Abdelhamid CB,35,"Stade de Reims 
2017 ~ 2024","190cm / 6'3""",83kg / 183lbs,Left,€2.8M
E. Dier CB,29,"FC Bayern München
2024 ~ 2025","188cm / 6'2""",90kg / 198lbs,Right,€9M
N. Elvedi CB,26,"Borussia Mönchengladbach
2015 ~ 2027","189cm / 6'2""",84kg / 185lbs,Right,€11M
M. Wöber CB LWB,25,"Borussia Mönchengladbach
Jun 30, 2024 On loan","188cm / 6'2""",85kg / 187lbs,Left,€12.5M
K. Itakura CB CDM,26,"Borussia Mönchengladbach
2022 ~ 2026","188cm / 6'2""",80kg / 176lbs,Right,€12M
D. Zagadou CB,24,"VfB Stuttgart
2022 ~ 2026","196cm / 6'5""",90kg / 198lbs,Left,€12M
W. Pacho CB,21,"Eintracht Frankfurt
2023 ~ 2028","186cm / 6'1""",81kg / 179lbs,Left,€20M
Alex Sandro CB LB,32,"Juventus
2015 ~ 2024","180cm / 5'11""",80kg / 176lbs,Left,€7M
M. Thiaw CB,21,"Milan
2022 ~ 2027","191cm / 6'3""",80kg / 176lbs,Right,€22M
L. Martínez Quarta CB,27,"Fiorentina
2020 ~ 2025","183cm / 6'0""",78kg / 172lbs,Right,€12M
Gabriel Paulista CB,32,"Atlético Madrid
2024 ~ 2024","185cm / 6'1""",72kg / 159lbs,Right,€7M
G. Pezzella CB,32,"Real Betis
2021 ~ 2025","187cm / 6'2""",82kg / 181lbs,Right,€7M
Unai Núñez CB,26,"Celta de Vigo
Jun 30, 2024 On loan","186cm / 6'1""",81kg / 179lbs,Right,€12M
M. Valjent CB,27,"Mallorca
2019 ~ 2025","187cm / 6'2""",70kg / 154lbs,Right,€11M
F. Lejeune CB,32,"Rayo Vallecano
2023 ~ 2027","189cm / 6'2""",89kg / 196lbs,Right,€7M
L. Badé CB,23,"Sevilla
2023 ~ 2027","191cm / 6'3""",89kg / 196lbs,Right,€19.5M
D. Djené CB CM CDM,31,"Getafe
2017 ~ 2025","178cm / 5'10""",72kg / 159lbs,Right,€7M
O. Alderete CB,26,"Getafe
2023 ~ 2028","188cm / 6'2""",77kg / 170lbs,Left,€12M
C. Montes CB,26,"Almería
2023 ~ 2028","191cm / 6'3""",84kg / 185lbs,Right,€12M
Edgar CB CDM,26,"Almería
2023 ~ 2028","193cm / 6'4""",78kg / 172lbs,Right,€12M
Eric García CB CDM RB,22,"Girona
Jun 30, 2024 On loan","182cm / 6'0""",76kg / 168lbs,Right,€14.5M
C. Lenglet CB,28,"Aston Villa
Jun 30, 2024 On loan","186cm / 6'1""",81kg / 179lbs,Left,€6.5M
T. Chalobah CB RB,23,"Chelsea
2016 ~ 2026","191cm / 6'3""",84kg / 185lbs,Right,€9.5M
M. Keane CB,30,"Everton
2017 ~ 2025","191cm / 6'3""",82kg / 181lbs,Right,€6M
J. Branthwaite CB,21,"Everton
2020 ~ 2025","195cm / 6'5""",74kg / 163lbs,Left,€15.5M
J. Lascelles CB,29,"Newcastle United
2014 ~ 2024","188cm / 6'2""",83kg / 183lbs,Right,€6.5M
W. Boly CB,32,"Nottingham Forest
2022 ~ 2024","195cm / 6'5""",97kg / 214lbs,Right,€4.9M
A. Ogbonna CB,35,"West Ham United
2015 ~ 2024","191cm / 6'3""",86kg / 190lbs,Left,€2M
Toti Gomes CB LB,24,"Wolverhampton Wanderers
2020 ~ 2029","187cm / 6'2""",72kg / 159lbs,Left,€11M
T. Adarabioyo CB,25,"Fulham
2020 ~ 2024","196cm / 6'5""",80kg / 176lbs,Right,€10M
Igor CB,25,"Brighton & Hove Albion
2023 ~ 2028","185cm / 6'1""",84kg / 185lbs,Left,€10M
K. Ajer CB RB,25,"Brentford
2021 ~ 2028","196cm / 6'5""",84kg / 185lbs,Right,€10M
M. Senesi CB,26,"AFC Bournemouth
2022 ~ 2026","183cm / 6'0""",78kg / 172lbs,Left,€8M
M. Haïdara LWB LM CB,30,"Lens
2018 ~ 2025","179cm / 5'10""",76kg / 168lbs,Left,€6.5M
B. Diakité RB CB,22,"LOSC Lille
2022 ~ 2026","185cm / 6'1""",74kg / 163lbs,Right,€11.5M
L. Yoro CB,17,"LOSC Lille
2022 ~ 2025","190cm / 6'3""",75kg / 165lbs,Right,€14.5M
D. Lovren CB,33,"Olympique Lyonnais
2023 ~ 2025","188cm / 6'2""",84kg / 185lbs,Right,€3.6M
Clinton Mata RB CB,30,"Olympique Lyonnais
2023 ~ 2026","180cm / 5'11""",73kg / 161lbs,Right,€6.5M
Adryelson CB,25,"Olympique Lyonnais
2024 ~ 2028","184cm / 6'0""",76kg / 168lbs,Right,€10.5M
T. Kehrer CB RB,26,"Monaco
Jun 30, 2024 On loan","186cm / 6'1""",76kg / 168lbs,Right,€8M
M. Salisu CB,24,"Monaco
2023 ~ 2028","191cm / 6'3""",85kg / 187lbs,Left,€10M
Y. Ndayishimiye CDM CM CB,24,"Nice
2023 ~ 2027","183cm / 6'0""",79kg / 174lbs,Right,€10.5M
L. Balerdi CB,24,"Olympique de Marseille
2021 ~ 2026","187cm / 6'2""",85kg / 187lbs,Right,€10M
R. Nicolaisen CB,26,"Toulouse
2021 ~ 2025","191cm / 6'3""",81kg / 179lbs,Left,€8.5M
T. Hübers CB,26,"FC Köln
2021 ~ 2026","190cm / 6'3""",82kg / 181lbs,Right,€8M
J. Chabot CB,25,"FC Köln
2023 ~ 2026","195cm / 6'5""",85kg / 187lbs,Left,€9.5M
J. Stanišić RB CB,23,"Bayer 04 Leverkusen
Jun 30, 2024 On loan","187cm / 6'2""",77kg / 170lbs,Right,€10.5M
H. Ito CB LB,24,"VfB Stuttgart
2022 ~ 2027","188cm / 6'2""",84kg / 185lbs,Left,€9.5M
D. Kohr CDM CM CB,29,"FSV Mainz 05
2022 ~ 2026","183cm / 6'0""",80kg / 176lbs,Right,€6.5M
S. Widmer RWB RM CB,30,"FSV Mainz 05
2021 ~ 2026","183cm / 6'0""",80kg / 176lbs,Right,€6.5M
M. Lacroix CB,23,"VfL Wolfsburg
2020 ~ 2025","190cm / 6'3""",88kg / 194lbs,Right,€15.5M
Tuta CB,23,"Eintracht Frankfurt
2019 ~ 2026","185cm / 6'1""",81kg / 179lbs,Right,€9.5M
K. Vogt CB,31,"FC Union Berlin
2024 ~ 2026","194cm / 6'4""",87kg / 192lbs,Right,€5M
R. Knoche CB,31,"FC Union Berlin
2020 ~ 2024","190cm / 6'3""",77kg / 170lbs,Right,€5M
R. Khedira CDM CB,29,"FC Union Berlin
2021 ~ 2027","189cm / 6'2""",86kg / 190lbs,Right,€6.5M
Diogo Leite CB,24,"FC Union Berlin
2023 ~ 2026","188cm / 6'2""",83kg / 183lbs,Left,€9.5M
J. Brooks CB,30,"TSG Hoffenheim
2023 ~ 2024","194cm / 6'4""",94kg / 207lbs,Left,€6M
F. Grillitsch CDM CB,27,"TSG Hoffenheim
2023 ~ 2026","187cm / 6'2""",77kg / 170lbs,Right,€7.5M
G. Scalvini CB,19,"Atalanta
2021 ~ 2027","194cm / 6'4""",75kg / 165lbs,Right,€15M
Tiago Djaló CB,23,"Juventus
2024 ~ 2026","190cm / 6'3""",82kg / 181lbs,Right,€11M
Patric CB,30,"Lazio
2015 ~ 2027","184cm / 6'0""",72kg / 159lbs,Right,€6M
R. Kristensen RB RWB CB,25,"Roma
Jun 30, 2024 On loan","187cm / 6'2""",70kg / 154lbs,Right,€8.5M
R. Rodríguez CB LM LB,30,"Torino
2020 ~ 2024","182cm / 6'0""",83kg / 183lbs,Left,€6M
M. Pongračić CB,25,"Lecce
2023 ~ 2026","193cm / 6'4""",85kg / 187lbs,Right,€9.5M
S. Luperto CB,26,"Empoli
2023 ~ 2025","191cm / 6'3""",75kg / 165lbs,Left,€8.5M
Y. Mina CB,28,"Cagliari
2024 ~ 2024","195cm / 6'5""",94kg / 207lbs,Right,€7M
D. D'Ambrosio CB,34,"Monza
2023 ~ 2024","180cm / 5'11""",75kg / 165lbs,Right,€2.4M
Aitor Paredes CB,23,"Athletic Club
2019 ~ 2025","186cm / 6'1""",79kg / 174lbs,Right,€11M
M. Diakhaby CB CDM CM,26,"Valencia
2018 ~ 2027","189cm / 6'2""",78kg / 172lbs,Right,€8.5M
Mika Mármol CB,22,"Las Palmas
2023 ~ 2026","182cm / 6'0""",72kg / 159lbs,Left,€15.5M
Aridane CB,34,"Rayo Vallecano
2023 ~ 2025","186cm / 6'1""",77kg / 170lbs,Right,€2.4M
A. Mandi CB RB,31,"Villarreal
2021 ~ 2025","184cm / 6'0""",78kg / 172lbs,Right,€5M
E. Bailly CB,29,"Villarreal
2024 ~ 2025","187cm / 6'2""",77kg / 170lbs,Right,€7M
L. Colwill LB CB,20,"Chelsea
2020 ~ 2029","187cm / 6'2""",80kg / 176lbs,Left,€12M
B. Godfrey CB LB,25,"Everton
2020 ~ 2025","183cm / 6'0""",79kg / 174lbs,Right,€6M
J. Evans CB,35,"Manchester United
2023 ~ 2024","188cm / 6'2""",77kg / 170lbs,Right,€1.5M
C. Kouyaté CDM CM CB,33,"Nottingham Forest
2022 ~ 2024","189cm / 6'2""",83kg / 183lbs,Right,€2.8M
J. Beyer CB,23,"Burnley
2023 ~ 2027","187cm / 6'2""",80kg / 176lbs,Right,€7.5M
R. Holding CB,27,"Crystal Palace
2023 ~ 2026","189cm / 6'2""",75kg / 165lbs,Right,€5.5M
C. Richards CB CDM,23,"Crystal Palace
2022 ~ 2027","188cm / 6'2""",87kg / 192lbs,Right,€7M
N. Collins CB RB,22,"Brentford
2023 ~ 2029","193cm / 6'4""",81kg / 179lbs,Right,€10.5M
I. Zabarnyi CB,20,"AFC Bournemouth
2023 ~ 2028","189cm / 6'2""",81kg / 179lbs,Right,€10.5M
Alexsandro Ribeiro CB,23,"LOSC Lille
2022 ~ 2028","189cm / 6'2""",82kg / 181lbs,Left,€7.5M
J. Castelletto CB,28,"Nantes
2020 ~ 2028","186cm / 6'1""",78kg / 172lbs,Right,€5.5M
P. Rosario CDM CM CB,26,"Nice
2021 ~ 2026","188cm / 6'2""",73kg / 161lbs,Right,€6.5M
Lucas Beraldo CB,19,"Paris Saint Germain
2024 ~ 2028","182cm / 6'0""",78kg / 172lbs,Left,€11.5M
W. Omari CB,23,"Rennes
2019 ~ 2027","188cm / 6'2""",76kg / 168lbs,Right,€7M
B. Chardonnet CB,28,"Brest
2014 ~ 2025","181cm / 5'11""",74kg / 163lbs,Right,€5.5M
L. Brassier CB,23,"Brest
2021 ~ 2025","186cm / 6'1""",78kg / 172lbs,Left,€10.5M
E. Agbadou CB,26,"Stade de Reims 
2022 ~ 2027","192cm / 6'4""",86kg / 190lbs,Right,€7M
A. Szalai CB,25,"SC Freiburg
Jun 30, 2024 On loan","192cm / 6'4""",83kg / 183lbs,Left,€7M
A. Hanche-Olsen CB,26,"FSV Mainz 05
2023 ~ 2026","185cm / 6'1""",82kg / 181lbs,Right,€6.5M
M. Jenz CB,24,"VfL Wolfsburg
2023 ~ 2027","190cm / 6'3""",86kg / 190lbs,Right,€7M
S. Bornauw CB,24,"VfL Wolfsburg
2021 ~ 2026","191cm / 6'3""",83kg / 183lbs,Right,€7.5M
O. Kabak CB,23,"TSG Hoffenheim
2022 ~ 2026","186cm / 6'1""",86kg / 190lbs,Right,€8M
J. Gouweleeuw CB,31,"FC Augsburg
2016 ~ 2025","188cm / 6'2""",83kg / 183lbs,Right,€3.8M
F. Uduokhai CB,25,"FC Augsburg
2020 ~ 2025","193cm / 6'4""",89kg / 196lbs,Left,€7M
P. Mainka CB,28,"Heidenheim
2018 ~ 2027","194cm / 6'4""",86kg / 190lbs,Right,€5.5M
I. Hien CB,24,"Atalanta
2024 ~ 2028","191cm / 6'3""",90kg / 198lbs,Right,€10.5M
D. Rugani CB,28,"Juventus
2015 ~ 2024","190cm / 6'3""",84kg / 185lbs,Right,€5.5M
L. Dendoncker CM CDM CB,28,"Napoli
Jun 30, 2024 On loan","188cm / 6'2""",88kg / 194lbs,Right,€5.5M
Natan CB,22,"Napoli
2023 ~ 2028","188cm / 6'2""",82kg / 181lbs,Left,€12M
A. Tameze CM CDM CB,29,"Torino
2023 ~ 2026","182cm / 6'0""",80kg / 176lbs,Right,€5.5M
S. Sazonov CB,21,"Torino
2023 ~ 2027","194cm / 6'4""",84kg / 185lbs,Right,€12M
N. Pérez CB,23,"Udinese
2022 ~ 2027","184cm / 6'0""",75kg / 165lbs,Right,€8M
J. Bijol CB,24,"Udinese
2022 ~ 2027","190cm / 6'3""",85kg / 187lbs,Right,€10.5M
F. Baschirotto CB,26,"Lecce
2022 ~ 2026","184cm / 6'0""",77kg / 170lbs,Right,€6M
Pablo Marí CB,29,"Monza
2023 ~ 2024","193cm / 6'4""",87kg / 192lbs,Left,€4.7M
M. Erlić CB,25,"Sassuolo
2021 ~ 2026","192cm / 6'4""",88kg / 194lbs,Right,€6.5M
M. Kumbulla CB,23,"Sassuolo
Jun 30, 2024 On loan","191cm / 6'3""",78kg / 172lbs,Right,€7M
Mingueza RB CB RM,24,"Celta de Vigo
2022 ~ 2026","184cm / 6'0""",75kg / 165lbs,Right,€8M
M. Nastasić CB,30,"Mallorca
2022 ~ 2024","188cm / 6'2""",83kg / 183lbs,Left,€4.6M
Omar Mascarell CM CDM CB,30,"Mallorca
2023 ~ 2026","181cm / 5'11""",76kg / 168lbs,Right,€5.5M
Raíllo CB,31,"Mallorca
2016 ~ 2024","187cm / 6'2""",80kg / 176lbs,Right,€3.8M
Copete CB,23,"Mallorca
2022 ~ 2026","192cm / 6'4""",73kg / 161lbs,Left,€11.5M
Eric Curbelo CB,29,"Las Palmas
2019 ~ 2024","181cm / 5'11""",77kg / 170lbs,Right,€4.7M
Saúl Coco CB,24,"Las Palmas
2020 ~ 2025","188cm / 6'2""",76kg / 168lbs,Right,€10.5M
Juan Cruz LB CB,30,"Osasuna
2020 ~ 2026","182cm / 6'0""",79kg / 174lbs,Left,€4.8M
Domingos Duarte CB,28,"Getafe
2022 ~ 2026","190cm / 6'3""",78kg / 172lbs,Right,€4.8M
G. Álvarez CB LB LWB,23,"Getafe
2023 ~ 2028","184cm / 6'0""",72kg / 159lbs,Left,€10.5M
Luís Hernández CB,34,"Cádiz
2022 ~ 2025","183cm / 6'0""",75kg / 165lbs,Right,€1.8M
Fali CB CDM,29,"Cádiz
2019 ~ 2026","186cm / 6'1""",84kg / 185lbs,Right,€4.7M
Víctor Chust CB,23,"Cádiz
2022 ~ 2026","184cm / 6'0""",76kg / 168lbs,Right,€8M
J. Kiwior CB LB,23,"Arsenal
2023 ~ 2028","189cm / 6'2""",75kg / 165lbs,Left,€8.5M
C. Chambers CB RB CDM,28,"Aston Villa
2022 ~ 2025","182cm / 6'0""",77kg / 170lbs,Right,€3.6M
C. Bassey CB LB,23,"Fulham
2023 ~ 2027","185cm / 6'1""",76kg / 168lbs,Left,€8.5M
J. Egan CB,30,"Sheffield United
2018 ~ 2024","185cm / 6'1""",75kg / 165lbs,Right,€3.5M
M. Holgate CB RB,26,"Sheffield United
Jun 30, 2024 On loan","184cm / 6'0""",75kg / 165lbs,Right,€4.4M
A. Ahmedhodžić CB,24,"Sheffield United
2022 ~ 2026","195cm / 6'5""",84kg / 185lbs,Right,€8.5M
C. Taylor LB CB,29,"Burnley
2017 ~ 2024","185cm / 6'1""",70kg / 154lbs,Left,€3.7M
M. Estève CB,21,"Burnley
Jun 30, 2024 On loan","193cm / 6'4""",87kg / 192lbs,Left,€9M
J. van Hecke CB,23,"Brighton & Hove Albion
2020 ~ 2026","185cm / 6'1""",78kg / 172lbs,Right,€6M
T. Lockyer CB,28,"Luton Town
2020 ~ 2025","185cm / 6'1""",72kg / 159lbs,Right,€3.6M
L. Kelly CB LB,24,"AFC Bournemouth
2019 ~ 2024","190cm / 6'3""",76kg / 168lbs,Left,€5M
D. Ćaleta-Car CB,26,"Olympique Lyonnais
Jun 30, 2024 On loan","192cm / 6'4""",89kg / 196lbs,Right,€4M
C. Jullien CB,30,"Montpellier
2022 ~ 2025","196cm / 6'5""",88kg / 194lbs,Right,€3.5M
E. Cömert CB,25,"Nantes
Jun 30, 2024 On loan","183cm / 6'0""",80kg / 176lbs,Right,€4.7M
L. Perrin CB,24,"Strasbourg
2022 ~ 2025","188cm / 6'2""",81kg / 179lbs,Right,€5.5M
J. Laporte CB,29,"Lorient
2019 ~ 2025","185cm / 6'1""",82kg / 181lbs,Right,€3.5M
M. Talbi CB,25,"Lorient
2022 ~ 2025","190cm / 6'3""",81kg / 179lbs,Right,€5.5M
J. Scally RWB CB,20,"Borussia Mönchengladbach
2021 ~ 2027","184cm / 6'0""",80kg / 176lbs,Right,€6M
L. Kübler RB CB LB,30,"SC Freiburg
2015 ~ 2027","182cm / 6'0""",74kg / 163lbs,Right,€3.6M
E. Martel CDM CB,21,"FC Köln
2022 ~ 2026","188cm / 6'2""",81kg / 179lbs,Right,€9M
A. Karazor CDM CM CB,26,"VfB Stuttgart
2019 ~ 2026","191cm / 6'3""",76kg / 168lbs,Right,€4.1M
A. Rouault CB,22,"VfB Stuttgart
Jun 30, 2024 On loan","186cm / 6'1""",77kg / 170lbs,Right,€9M
N. Stark CB CDM,28,"Werder Bremen
2022 ~ 2026","190cm / 6'3""",88kg / 194lbs,Right,€4M
A. Pieper CB,25,"Werder Bremen
2022 ~ 2026","192cm / 6'4""",86kg / 190lbs,Right,€5.5M
I. Ordets CB,30,"VfL Bochum 1848
2019 ~ 2024","195cm / 6'5""",88kg / 194lbs,Right,€3.5M
K. Schlotterbeck CB,26,"VfL Bochum 1848
Jun 30, 2024 On loan","189cm / 6'2""",86kg / 190lbs,Left,€4.9M
J. Guilavogui CB CDM,32,"FSV Mainz 05
2023 ~ 2024","188cm / 6'2""",77kg / 170lbs,Right,€2.7M
E. Fernandes CB RWB CM,27,"FSV Mainz 05
2019 ~ 2026","187cm / 6'2""",77kg / 170lbs,Right,€4.5M
A. Caci LWB CB LM,26,"FSV Mainz 05
2022 ~ 2026","185cm / 6'1""",76kg / 168lbs,Right,€4.8M
C. Zesiger CB,25,"VfL Wolfsburg
2023 ~ 2027","194cm / 6'4""",92kg / 203lbs,Left,€5.5M
K. Akpoguma CB RWB,28,"TSG Hoffenheim
2013 ~ 2026","192cm / 6'4""",85kg / 187lbs,Right,€4.2M
R. Oxford CB CDM,24,"FC Augsburg
2019 ~ 2025","193cm / 6'4""",86kg / 190lbs,Right,€6M
J. Palomino CB,33,"Atalanta
2017 ~ 2024","188cm / 6'2""",87kg / 192lbs,Left,€2M
Y. Bisseck CB,22,"Inter
2023 ~ 2028","196cm / 6'5""",87kg / 192lbs,Right,€9M
Juan Jesus CB,32,"Napoli
2021 ~ 2025","185cm / 6'1""",83kg / 183lbs,Left,€2.7M
L. Giannetti CB,29,"Udinese
2024 ~ 2025","185cm / 6'1""",80kg / 176lbs,Right,€3.5M
J. Lucumí CB,25,"Bologna
2022 ~ 2025","187cm / 6'2""",82kg / 181lbs,Left,€7.5M
S. Beukema CB,24,"Bologna
2023 ~ 2027","188cm / 6'2""",77kg / 170lbs,Right,€8M
P. Dawidowicz CB,28,"Hellas Verona
2019 ~ 2025","189cm / 6'2""",80kg / 176lbs,Right,€4.2M
G. Magnani CB,27,"Hellas Verona
2021 ~ 2025","191cm / 6'3""",87kg / 192lbs,Right,€4.5M
J. Boateng CB,34,"Salernitana
2024 ~ 2026","190cm / 6'3""",94kg / 207lbs,Right,€1.4M
L. Caldirola CB,32,"Monza
2021 ~ 2024","186cm / 6'1""",79kg / 174lbs,Left,€2.7M
A. Izzo CB,31,"Monza
2023 ~ 2026","183cm / 6'0""",78kg / 172lbs,Right,€2.9M
Sokratis CB,35,"Real Betis
2023 ~ 2024","186cm / 6'1""",82kg / 181lbs,Right,€1.1M
C. Starfelt CB,28,"Celta de Vigo
2023 ~ 2027","185cm / 6'1""",81kg / 179lbs,Right,€4.2M
Mosquera CB RB,19,"Valencia
2021 ~ 2026","188cm / 6'2""",79kg / 174lbs,Right,€8.5M
N. Tenaglia RB CB,27,"Deportivo Alavés
2023 ~ 2027","181cm / 5'11""",70kg / 154lbs,Right,€4.1M
Alex Suárez CB RB,30,"Las Palmas
2016 ~ 2026","180cm / 5'11""",72kg / 159lbs,Right,€3.5M
Unai García CB,30,"Osasuna
2011 ~ 2025","185cm / 6'1""",81kg / 179lbs,Right,€3.5M
Jorge Cuenca CB,23,"Villarreal
2020 ~ 2025","190cm / 6'3""",75kg / 165lbs,Left,€6M
Víctor Díaz CB RB CDM,35,"Granada
2017 ~ 2024","184cm / 6'0""",72kg / 159lbs,Right,€1.1M
Vallejo CB,26,"Granada
Jun 30, 2024 On loan","184cm / 6'0""",79kg / 174lbs,Right,€4.9M
E. Krafth RB CB,28,"Newcastle United
2019 ~ 2025","184cm / 6'0""",83kg / 183lbs,Right,€2.8M
T. Ream CB,35,"Fulham
2015 ~ 2025","185cm / 6'1""",80kg / 176lbs,Left,€800K
C. Basham CB,34,"Sheffield United
2014 ~ 2024","190cm / 6'3""",80kg / 176lbs,Right,€1M
H. Ekdal CB,24,"Burnley
2023 ~ 2027","188cm / 6'2""",76kg / 168lbs,Right,€4.2M
Zanka CB,33,"Brentford
2021 ~ 2025","191cm / 6'3""",79kg / 174lbs,Right,€1.5M
J. O'Brien CB,22,"Olympique Lyonnais
2023 ~ 2027","197cm / 6'6""",84kg / 185lbs,Right,€5.5M
S. Diomandé CB,22,"Olympique Lyonnais
2019 ~ 2025","184cm / 6'0""",74kg / 163lbs,Right,€4M
I. Traoré CB,36,"Metz
2022 ~ 2024","184cm / 6'0""",87kg / 192lbs,Right,€550K
C. Hérelle CB,30,"Metz
2023 ~ 2025","188cm / 6'2""",79kg / 174lbs,Right,€2.5M
B. Kouyaté CB,26,"Montpellier
2023 ~ 2026","192cm / 6'4""",78kg / 172lbs,Right,€3.5M
N. Cozza LB CB,24,"Nantes
Jun 30, 2024 On loan","178cm / 5'10""",72kg / 159lbs,Left,€4.1M
A. Seidu CB,23,"Rennes
2024 ~ 2028","173cm / 5'8""",68kg / 150lbs,Right,€5.5M
C. Wooh CB,21,"Rennes
2022 ~ 2026","191cm / 6'3""",92kg / 203lbs,Right,€4.4M
B. Stambouli CDM CM CB,32,"Stade de Reims 
2024 ~ 2024","180cm / 5'11""",80kg / 176lbs,Right,€2M
J. Okumu CB,26,"Stade de Reims 
2023 ~ 2028","193cm / 6'4""",75kg / 165lbs,Right,€3.5M
M. Caufriez CB,26,"Clermont
2023 ~ 2026","189cm / 6'2""",83kg / 183lbs,Right,€3.3M
M. Friedrich CB,27,"Borussia Mönchengladbach
2022 ~ 2026","193cm / 6'4""",84kg / 185lbs,Right,€3.2M
M. Gulde CB,32,"SC Freiburg
2016 ~ 2026","184cm / 6'0""",80kg / 176lbs,Right,€2M
K. Sildillia RB CB RM,21,"SC Freiburg
2021 ~ 2026","186cm / 6'1""",76kg / 168lbs,Right,€6.5M
A. Jung CB LWB,31,"Werder Bremen
2021 ~ 2025","185cm / 6'1""",81kg / 179lbs,Left,€2.1M
M. Veljković CB,27,"Werder Bremen
2016 ~ 2025","188cm / 6'2""",83kg / 183lbs,Right,€2.8M
M. Friedl CB,25,"Werder Bremen
2019 ~ 2026","187cm / 6'2""",82kg / 181lbs,Left,€4M
Bernardo LB CB,28,"VfL Bochum 1848
2023 ~ 2025","186cm / 6'1""",76kg / 168lbs,Left,€2.8M
E. Mašović CB CDM,24,"VfL Bochum 1848
2020 ~ 2026","189cm / 6'2""",82kg / 181lbs,Right,€3.9M
S. Bell CB,31,"FSV Mainz 05
2010 ~ 2024","192cm / 6'4""",88kg / 194lbs,Right,€2.1M
S. van den Berg CB,21,"FSV Mainz 05
Jun 30, 2024 On loan","192cm / 6'4""",87kg / 192lbs,Right,€6.5M
P. Jaeckel CB,24,"FC Union Berlin
2021 ~ 2026","186cm / 6'1""",83kg / 183lbs,Right,€3.7M
P. Pfeiffer CB,23,"FC Augsburg
2023 ~ 2027","196cm / 6'5""",91kg / 201lbs,Right,€4.2M
K. Jakić CDM CM CB,26,"FC Augsburg
Jun 30, 2024 On loan","181cm / 5'11""",75kg / 165lbs,Right,€3.4M
M. Gabbia CB,23,"Milan
2017 ~ 2026","185cm / 6'1""",78kg / 172lbs,Right,€5.5M
L. Østigård CB,23,"Napoli
2022 ~ 2026","182cm / 6'0""",81kg / 179lbs,Right,€6.5M
K. Djidji CB,30,"Torino
2019 ~ 2024","184cm / 6'0""",82kg / 181lbs,Right,€2.5M
A. Masina CB LB LWB,29,"Torino
Jun 30, 2024 On loan","191cm / 6'3""",87kg / 192lbs,Left,€2.5M
A. Soumaoro CB,31,"Bologna
2021 ~ 2024","187cm / 6'2""",91kg / 201lbs,Right,€2.1M
R. Calafiori CB LB,21,"Bologna
2023 ~ 2027","188cm / 6'2""",86kg / 190lbs,Left,€6.5M
A. Dossena CB,24,"Cagliari
2022 ~ 2027","195cm / 6'5""",77kg / 170lbs,Right,€4.2M
S. Van der Heyden CB,25,"Mallorca
2023 ~ 2028","185cm / 6'1""",76kg / 168lbs,Left,€3.4M
Hugo Guillamón CDM CM CB,23,"Valencia
2018 ~ 2026","178cm / 5'10""",62kg / 137lbs,Right,€5.5M
A. Sedlar CB CDM,31,"Deportivo Alavés
2022 ~ 2024","180cm / 5'11""",79kg / 174lbs,Right,€2.1M
T. Nianzou CB,21,"Sevilla
2022 ~ 2027","191cm / 6'3""",83kg / 183lbs,Right,€6.5M
M. Hongla CM CDM CB,25,"Granada
2024 ~ 2027","181cm / 5'11""",77kg / 170lbs,Right,€4.4M
K. Piątkowski CB,23,"Granada
Jun 30, 2024 On loan","191cm / 6'3""",87kg / 192lbs,Right,€4.4M
K. Hause CB,27,"Aston Villa
2019 ~ 2025","191cm / 6'3""",77kg / 170lbs,Left,€2.2M
P. Dummett CB LB,31,"Newcastle United
2010 ~ 2024","183cm / 6'0""",82kg / 181lbs,Left,€1.6M
A. Trusty CB LB,24,"Sheffield United
2023 ~ 2027","191cm / 6'3""",85kg / 187lbs,Left,€3.4M
D. O'Shea CB,24,"Burnley
2023 ~ 2027","188cm / 6'2""",74kg / 163lbs,Right,€3.4M
H. Delcroix CB LB,24,"Burnley
2023 ~ 2026","183cm / 6'0""",78kg / 172lbs,Left,€3.2M
A. Al Dakhil CB,21,"Burnley
2023 ~ 2026","187cm / 6'2""",70kg / 154lbs,Right,€4.9M
B. Omeragić CB,21,"Montpellier
2023 ~ 2028","187cm / 6'2""",74kg / 163lbs,Right,€4.9M
N. Pallois CB,35,"Nantes
2017 ~ 2024","189cm / 6'2""",89kg / 196lbs,Left,€625K
K. Amian RB CB,25,"Nantes
2024 ~ 2028","180cm / 5'11""",78kg / 172lbs,Right,€2.9M
I. Doukouré CDM CM CB,19,"Strasbourg
2022 ~ 2026","183cm / 6'0""",80kg / 176lbs,Right,€4.8M
A. Sylla CB,20,"Strasbourg
2023 ~ 2028","188cm / 6'2""",80kg / 176lbs,Left,€4.8M
I. Touré CB,20,"Lorient
2023 ~ 2028","206cm / 6'9""",98kg / 216lbs,Left,€4.8M
G. Lloris CB,27,"Le Havre
2022 ~ 2026","191cm / 6'3""",87kg / 192lbs,Left,€2.5M
Y. Salmier CB RB,30,"Le Havre
2023 ~ 2025","188cm / 6'2""",85kg / 187lbs,Right,€1.9M
A. Pelmard CB,23,"Clermont
2023 ~ 2027","180cm / 5'11""",68kg / 150lbs,Right,€4.4M
T. Fosu-Mensah RWB RM CB,25,"Bayer 04 Leverkusen
2021 ~ 2024","185cm / 6'1""",85kg / 187lbs,Right,€2.9M
M. Leitsch CB,25,"FSV Mainz 05
2022 ~ 2026","189cm / 6'2""",83kg / 183lbs,Left,€3.1M
M. Hasebe CB CDM,39,"Eintracht Frankfurt
2014 ~ 2024","180cm / 5'11""",72kg / 159lbs,Right,€425K
H. Smolčić CB,22,"Eintracht Frankfurt
2022 ~ 2027","185cm / 6'1""",80kg / 176lbs,Left,€3.4M
S. Nsoki CB,24,"TSG Hoffenheim
2022 ~ 2027","184cm / 6'0""",83kg / 183lbs,Left,€3.4M
M. Bauer CB,23,"FC Augsburg
2022 ~ 2027","189cm / 6'2""",84kg / 185lbs,Right,€4.4M
C. Zimmermann CB,30,"Darmstadt 98
2022 ~ 2025","194cm / 6'4""",92kg / 203lbs,Right,€1.9M
C. Klarer CB,23,"Darmstadt 98
2023 ~ 2027","191cm / 6'3""",82kg / 181lbs,Right,€3.4M
B. Gimber CB CDM,26,"Heidenheim
2023 ~ 2025","187cm / 6'2""",84kg / 185lbs,Left,€2.6M
L. Maloney CDM CB,23,"Heidenheim
2022 ~ 2025","188cm / 6'2""",89kg / 196lbs,Right,€2.9M
M. Ruggeri LWB LM CB,20,"Atalanta
2020 ~ 2026","187cm / 6'2""",79kg / 174lbs,Left,€4.9M
M. Vojvoda LM CB RM,28,"Torino
2020 ~ 2025","186cm / 6'1""",80kg / 176lbs,Right,€2.4M
B. Bereszyński RB CB RM,30,"Empoli
Jun 30, 2024 On loan","182cm / 6'0""",77kg / 170lbs,Right,€2M
A. Ismajli CB,26,"Empoli
2021 ~ 2025","185cm / 6'1""",76kg / 168lbs,Right,€2.7M
P. Hatzidiakos CB RB,26,"Cagliari
2023 ~ 2027","185cm / 6'1""",75kg / 165lbs,Right,€2.6M
T. Pasalidis CB,26,"Salernitana
2024 ~ 2027","185cm / 6'1""",77kg / 170lbs,Right,€2.7M
L. Ranieri CB LB,24,"Fiorentina
2017 ~ 2026","187cm / 6'2""",76kg / 168lbs,Left,€3.2M
M. Bani CB,29,"Genoa
2020 ~ 2024","188cm / 6'2""",81kg / 179lbs,Right,€2M
C. Okoli CB,21,"Frosinone
Jun 30, 2024 On loan","191cm / 6'3""",91kg / 201lbs,Right,€4.9M
G. Ferrari CB,31,"Sassuolo
2016 ~ 2024","189cm / 6'2""",82kg / 181lbs,Left,€1.6M
Ruan CB,24,"Sassuolo
2021 ~ 2026","187cm / 6'2""",78kg / 172lbs,Right,€3.2M
Beñat Prados CM CB CDM,22,"Athletic Club
2019 ~ 2025","180cm / 5'11""",72kg / 159lbs,Right,€5M
G. González RWB CB RB,28,"Mallorca
2022 ~ 2024","173cm / 5'8""",73kg / 161lbs,Right,€2.1M
A. Abqar CB,24,"Deportivo Alavés
2020 ~ 2025","188cm / 6'2""",80kg / 176lbs,Right,€3.4M
Javi Hernández LB CB,25,"Cádiz
Jun 30, 2024 On loan","182cm / 6'0""",75kg / 165lbs,Left,€3.2M
A. Ousou CB,23,"Cádiz
Jun 30, 2024 On loan","186cm / 6'1""",78kg / 172lbs,Right,€3M
Juanpe CB,32,"Girona
2016 ~ 2024","190cm / 6'3""",80kg / 176lbs,Right,€1.5M
B. Méndez CB RB,23,"Granada
2024 ~ 2027","180cm / 5'11""",77kg / 170lbs,Right,€4.9M
Torrente CB CDM,21,"Granada
2020 ~ 2024","193cm / 6'4""",79kg / 174lbs,Left,€4.4M
J. Quansah CB,20,"Liverpool
2021 ~ 2027","190cm / 6'3""",80kg / 176lbs,Right,€3.8M
R. Drăgușin CB,21,"Tottenham Hotspur
2024 ~ 2029","191cm / 6'3""",80kg / 176lbs,Right,€4.3M
J. Robinson CB,29,"Sheffield United
2020 ~ 2025","180cm / 5'11""",67kg / 148lbs,Left,€1.6M
A. Bell LWB CB,29,"Luton Town
2021 ~ 2025","180cm / 5'11""",76kg / 168lbs,Left,€1.6M
M. Andersen CB,25,"Luton Town
2023 ~ 2026","194cm / 6'4""",82kg / 181lbs,Right,€2.2M
C. Mepham CB,25,"AFC Bournemouth
2019 ~ 2025","190cm / 6'3""",75kg / 165lbs,Right,€2.2M
Fali Candé CB LB,25,"Metz
2022 ~ 2026","184cm / 6'0""",82kg / 181lbs,Left,€2.5M
S. Magassa CB,19,"Monaco
2022 ~ 2024","188cm / 6'2""",75kg / 165lbs,Right,€3.8M
M. Sagnan CB,24,"Montpellier
2024 ~ 2026","187cm / 6'2""",85kg / 187lbs,Left,€2.6M
J. Duverne RB LB CB,25,"Nantes
2023 ~ 2027","184cm / 6'0""",71kg / 157lbs,Right,€2.2M
F. Mendy CB RB,22,"Lorient
2023 ~ 2028","191cm / 6'3""",79kg / 174lbs,Right,€3.9M
A. Sangante CB,21,"Le Havre
2021 ~ 2026","189cm / 6'2""",76kg / 168lbs,Right,€3.9M
L. Costa CB,22,"Toulouse
2021 ~ 2026","188cm / 6'2""",87kg / 192lbs,Right,€3.9M
M. Diarra LB CB,22,"Toulouse
2019 ~ 2024","185cm / 6'1""",73kg / 161lbs,Left,€2.8M
T. Jantschke CB,33,"Borussia Mönchengladbach
2009 ~ 2024","177cm / 5'10""",76kg / 168lbs,Right,€900K
D. Heintz CB LB,29,"FC Köln
2023 ~ 2024","188cm / 6'2""",89kg / 196lbs,Left,€1.6M
L. Kilian CB,23,"FC Köln
2022 ~ 2025","192cm / 6'4""",91kg / 201lbs,Right,€2.4M
R. Gumny RB CB RM,25,"FC Augsburg
2020 ~ 2025","182cm / 6'0""",71kg / 157lbs,Right,€2.2M
T. Siersleben CB,23,"Heidenheim
2023 ~ 2026","187cm / 6'2""",80kg / 176lbs,Left,€2.4M
M. Lovato CB,23,"Torino
Jun 30, 2024 On loan","188cm / 6'2""",78kg / 172lbs,Right,€3.9M
C. Kabasele CB,32,"Udinese
2023 ~ 2025","187cm / 6'2""",84kg / 185lbs,Right,€1.2M
E. Ebosse CB,24,"Udinese
2022 ~ 2027","185cm / 6'1""",75kg / 165lbs,Left,€2.7M
D. Coppola CB,19,"Hellas Verona
2021 ~ 2027","192cm / 6'4""",78kg / 172lbs,Right,€3.8M
M. Wieteska CB,26,"Cagliari
2023 ~ 2027","187cm / 6'2""",77kg / 170lbs,Right,€2M
F. Fazio CB,36,"Salernitana
2022 ~ 2024","195cm / 6'5""",85kg / 187lbs,Right,€325K
N. Gyömbér CB,30,"Salernitana
2020 ~ 2025","189cm / 6'2""",74kg / 163lbs,Right,€1.5M
L. Pirola CB,21,"Salernitana
2023 ~ 2027","185cm / 6'1""",79kg / 174lbs,Left,€4.3M
J. Vásquez CB LB,24,"Genoa
2022 ~ 2026","185cm / 6'1""",72kg / 159lbs,Left,€3.5M
S. Romagnoli CB,33,"Frosinone
2023 ~ 2025","193cm / 6'4""",85kg / 187lbs,Right,€900K
K. Bonifazi CB,27,"Frosinone
Jun 30, 2024 On loan","187cm / 6'2""",85kg / 187lbs,Right,€2M
G. Donati CB,33,"Monza
2023 ~ 2024","178cm / 5'10""",76kg / 168lbs,Right,€900K
M. Viti CB,21,"Sassuolo
Jun 30, 2024 On loan","190cm / 6'3""",82kg / 181lbs,Left,€3.9M
Pacheco CB,22,"Real Sociedad
2021 ~ 2027","184cm / 6'0""",77kg / 170lbs,Left,€3.9M
C. Özkacar CB LB,22,"Valencia
2023 ~ 2028","187cm / 6'2""",85kg / 187lbs,Left,€3.5M
Jorge Meré CB,26,"Cádiz
2022 ~ 2026","182cm / 6'0""",78kg / 172lbs,Right,€2.4M
Ignasi Miquel CB,30,"Granada
2022 ~ 2025","188cm / 6'2""",82kg / 181lbs,Left,€1.5M
A. Omobamidele CB,21,"Nottingham Forest
2023 ~ 2028","190cm / 6'3""",78kg / 172lbs,Right,€3.3M
Murillo CB,20,"Nottingham Forest
2023 ~ 2028","184cm / 6'0""",79kg / 174lbs,Left,€3.6M
J. Tomkins CB,34,"Crystal Palace
2016 ~ 2024","192cm / 6'4""",74kg / 163lbs,Right,€525K
R. Burke CB,26,"Luton Town
2021 ~ 2026","189cm / 6'2""",81kg / 179lbs,Right,€1.8M
G. Osho CB,24,"Luton Town
2020 ~ 2024","185cm / 6'1""",70kg / 154lbs,Right,€3M
T. Mengi CB,21,"Luton Town
2023 ~ 2027","183cm / 6'0""",78kg / 172lbs,Right,€3.7M
A. Beka Beka CDM CM CB,22,"Nice
2022 ~ 2027","178cm / 5'10""",75kg / 165lbs,Right,€3.4M
J. Le Cardinal RB CB,25,"Brest
Jun 30, 2024 On loan","184cm / 6'0""",74kg / 163lbs,Right,€1.8M
C. Matsima CB,21,"Clermont
Jun 30, 2024 On loan","193cm / 6'4""",80kg / 176lbs,Right,€3.3M
P. Stenzel RB CB,27,"VfB Stuttgart
2020 ~ 2026","183cm / 6'0""",74kg / 163lbs,Right,€1.5M
L. Stergiou CB,21,"VfB Stuttgart
Jun 30, 2024 On loan","180cm / 5'11""",75kg / 165lbs,Right,€3.3M
J. Müller CB,29,"Darmstadt 98
2021 ~ 2024","187cm / 6'2""",77kg / 170lbs,Right,€1.3M
B. Franjić CDM CB LB,23,"Darmstadt 98
Jun 30, 2024 On loan","186cm / 6'1""",77kg / 170lbs,Left,€2.1M
M. Maglica CB,24,"Darmstadt 98
2023 ~ 2027","198cm / 6'6""",99kg / 218lbs,Left,€2.3M
M. Caldara CB,29,"Milan
2018 ~ 2024","187cm / 6'2""",80kg / 176lbs,Right,€1.3M
T. Kristensen CB,21,"Udinese
2023 ~ 2028","198cm / 6'6""",85kg / 187lbs,Right,€3.3M
A. Touba CB,25,"Lecce
Jun 30, 2024 On loan","184cm / 6'0""",81kg / 179lbs,Left,€2M
S. Walukiewicz CB,23,"Empoli
2023 ~ 2024","188cm / 6'2""",85kg / 187lbs,Right,€3.3M
A. Vogliacco CB,24,"Genoa
2021 ~ 2026","186cm / 6'1""",78kg / 172lbs,Right,€3M
A. Carboni CB,22,"Monza
2022 ~ 2027","187cm / 6'2""",80kg / 176lbs,Left,€3.3M
Carlos Domínguez CB,22,"Celta de Vigo
2020 ~ 2026","187cm / 6'2""",71kg / 157lbs,Left,€3.3M
Rafa Marín CB LB,21,"Deportivo Alavés
Jun 30, 2024 On loan","191cm / 6'3""",78kg / 172lbs,Right,€3.3M
A. Mumin CB,25,"Rayo Vallecano
2022 ~ 2026","188cm / 6'2""",79kg / 174lbs,Right,€2.9M
Y. Mosquera CB RB,22,"Villarreal
Jun 30, 2024 On loan","188cm / 6'2""",84kg / 185lbs,Right,€3.3M
Chumi CB RB,24,"Almería
2020 ~ 2025","185cm / 6'1""",75kg / 165lbs,Right,€3M
M. Mbaye CB,25,"Cádiz
2017 ~ 2024","193cm / 6'4""",81kg / 179lbs,Right,€2.2M
Miguel Rubio CB,25,"Granada
2022 ~ 2025","191cm / 6'3""",86kg / 190lbs,Right,€2M
R. Norrington-Davies LWB CB LB,24,"Sheffield United
2018 ~ 2024","181cm / 5'11""",70kg / 154lbs,Left,€1.9M
J. Hill CB RB,21,"AFC Bournemouth
2022 ~ 2026","184cm / 6'0""",73kg / 161lbs,Right,€2.9M
A. Khusanov CB,19,"Lens
2023 ~ 2027","186cm / 6'1""",84kg / 185lbs,Right,€3.1M
J. Belocian CB LB,18,"Rennes
2021 ~ 2025","182cm / 6'0""",73kg / 161lbs,Left,€3M
S. Sow CB,20,"Strasbourg
2023 ~ 2028","185cm / 6'1""",75kg / 165lbs,Right,€2.6M
B. Meïté CB,22,"Olympique de Marseille
Jun 30, 2024 On loan","183cm / 6'0""",75kg / 165lbs,Right,€2.6M
É. Youté Kinkoué CB,21,"Le Havre
2023 ~ 2025","195cm / 6'5""",88kg / 194lbs,Right,€2.9M
F. Ogier CB,34,"Clermont
2018 ~ 2024","183cm / 6'0""",73kg / 161lbs,Right,€450K
C. Groß CDM CB,34,"Werder Bremen
2019 ~ 2024","183cm / 6'0""",75kg / 165lbs,Right,€475K
K. Adams Nuhu CB,28,"TSG Hoffenheim
2018 ~ 2024","190cm / 6'3""",83kg / 183lbs,Right,€1.3M
K. Gjasula CDM CB,33,"Darmstadt 98
2021 ~ 2024","190cm / 6'3""",84kg / 185lbs,Right,€700K
A. Blin CDM CM CB,26,"Lecce
2021 ~ 2025","184cm / 6'0""",78kg / 172lbs,Right,€1.6M
A. Deiola CM CDM CB,27,"Cagliari
2013 ~ 2025","189cm / 6'2""",85kg / 187lbs,Right,€1.5M
M. Pellegrino CB,20,"Salernitana
Jun 30, 2024 On loan","184cm / 6'0""",80kg / 176lbs,Right,€2.9M
K. De Winter CB RWB,21,"Genoa
Jun 30, 2024 On loan","191cm / 6'3""",75kg / 165lbs,Right,€3.2M
M. Fall CB RB,21,"FC Barcelona
Jun 30, 2024 On loan","189cm / 6'2""",74kg / 163lbs,Right,€2.9M
C. Riad CB,20,"Real Betis
Jun 30, 2024 On loan","186cm / 6'1""",78kg / 172lbs,Left,€3.2M
Jaílson CB CDM,27,"Celta de Vigo
2024 ~ 2025","187cm / 6'2""",74kg / 163lbs,Right,€1.5M
Luizão CB,21,"West Ham United
2023 ~ 2026","187cm / 6'2""",80kg / 176lbs,Left,€2.5M
D. Potts CB LB,29,"Luton Town
2015 ~ 2024","178cm / 5'10""",70kg / 154lbs,Left,€1M
A. Mendy RB CB,19,"Nice
2022 ~ 2025","187cm / 6'2""",75kg / 165lbs,Right,€2.5M
J. Makengo LB CB,21,"SC Freiburg
2023 ~ 2027","190cm / 6'3""",76kg / 168lbs,Left,€2.6M
T. Oermann CB RB,19,"VfL Bochum 1848
2022 ~ 2026","187cm / 6'2""",76kg / 168lbs,Right,€2.4M
T. Isherwood CB,25,"Darmstadt 98
2021 ~ 2024","195cm / 6'5""",87kg / 192lbs,Left,€1.6M
C. Riedel CB,19,"Darmstadt 98
2021 ~ 2026","186cm / 6'1""",73kg / 161lbs,Right,€2.7M
E. Bitshiabu CB,18,"RB Leipzig
2023 ~ 2028","196cm / 6'5""",96kg / 212lbs,Left,€2.6M
D. Huijsen CB,18,"Roma
Jun 30, 2024 On loan","195cm / 6'5""",84kg / 185lbs,Right,€2.9M
João Ferreira RWB CB RB,22,"Udinese
Jun 30, 2024 On loan","185cm / 6'1""",79kg / 174lbs,Right,€2.6M
A. Obert CB LB,20,"Cagliari
2021 ~ 2027","186cm / 6'1""",80kg / 176lbs,Left,€2.5M
Martín CB,23,"Rayo Vallecano
2017 ~ 2024","190cm / 6'3""",78kg / 172lbs,Right,€2.5M
A. Radovanović CB,29,"Almería
2024 ~ 2025","189cm / 6'2""",83kg / 183lbs,Left,€1M
G. Doué RB CB,20,"Rennes
2022 ~ 2025","187cm / 6'2""",84kg / 185lbs,Right,€2.3M
K. Fila RB CB,25,"Strasbourg
2021 ~ 2025","183cm / 6'0""",76kg / 168lbs,Right,€1.3M
C. Mawissa CB RB,18,"Toulouse
2022 ~ 2026","185cm / 6'1""",77kg / 170lbs,Left,€2.4M
C. Konaté RWB RM CB,19,"Clermont
2022 ~ 2026","173cm / 5'8""",67kg / 148lbs,Right,€2.1M
A. Papadopoulos CB CDM,23,"Borussia Dortmund
2021 ~ 2024","185cm / 6'1""",83kg / 183lbs,Right,€1.4M
K. Schmidt CB,21,"SC Freiburg
2023 ~ 2027","187cm / 6'2""",81kg / 179lbs,Left,€2.1M
J. Malatini RWB CB,22,"Werder Bremen
2024 ~ 2028","191cm / 6'3""",84kg / 185lbs,Right,€2M
N. Loosli CB,26,"VfL Bochum 1848
2023 ~ 2026","186cm / 6'1""",84kg / 185lbs,Right,€1.2M
J. Cabal LB CB,22,"Hellas Verona
2022 ~ 2027","186cm / 6'1""",80kg / 176lbs,Left,€2.2M
L. Tonelli CB,33,"Empoli
2021 ~ 2024","183cm / 6'0""",75kg / 165lbs,Right,€475K
I. Kostis CB LB,20,"Atlético Madrid
2022 ~ 2027","192cm / 6'4""",83kg / 183lbs,Left,€2.3M
Yarek CB LB,18,"Valencia
2023 ~ 2025","190cm / 6'3""",75kg / 165lbs,Left,€2.4M
Herzog CB,19,"Las Palmas
2023 ~ 2025","186cm / 6'1""",75kg / 165lbs,Right,€2.3M
Kike Salas CB LB,21,"Sevilla
2021 ~ 2026","186cm / 6'1""",80kg / 176lbs,Left,€2.4M
M. Rosenfelder CB,20,"SC Freiburg
2023 ~ 2025","186cm / 6'1""",76kg / 168lbs,Right,€1.8M
T. Keller CB CDM,23,"Heidenheim
2022 ~ 2025","186cm / 6'1""",80kg / 176lbs,Right,€1.1M
Mario Gila CB,22,"Lazio
2022 ~ 2027","185cm / 6'1""",80kg / 176lbs,Right,€1.2M
K. Dermaku CB,31,"Lecce
2021 ~ 2024","194cm / 6'4""",89kg / 196lbs,Left,€575K
Urko González CB CDM,22,"Real Sociedad
2020 ~ 2028","189cm / 6'2""",83kg / 183lbs,Right,€1.8M
R. Williams CB,22,"Liverpool
2019 ~ 2026","195cm / 6'5""",76kg / 168lbs,Right,€1.5M
N. Zézé CB,18,"Nantes
2022 ~ 2026","190cm / 6'3""",76kg / 168lbs,Left,€1.7M
N. Mbamba CDM CB,18,"Bayer 04 Leverkusen
2023 ~ 2028","187cm / 6'2""",75kg / 165lbs,Right,€1.7M
M. Bogarde CB RWB CDM,21,"TSG Hoffenheim
2019 ~ 2024","182cm / 6'0""",72kg / 159lbs,Right,€1.5M
G. Cittadini CB,21,"Genoa
Jun 30, 2024 On loan","180cm / 5'11""",75kg / 165lbs,Right,€1.7M
A. Matturro CB,18,"Genoa
2023 ~ 2026","189cm / 6'2""",77kg / 170lbs,Left,€1.7M
I. Monterisi CB RB,21,"Frosinone
2023 ~ 2027","190cm / 6'3""",82kg / 181lbs,Right,€1.5M
D. Bettella CB,23,"Monza
2022 ~ 2027","185cm / 6'1""",75kg / 165lbs,Right,€1.5M
J. Aramburu RB RWB CB,20,"Real Sociedad
2023 ~ 2026","176cm / 5'9""",71kg / 157lbs,Right,€1.6M
Guillem Molina RB CB LB,23,"Osasuna
2023 ~ 2024","183cm / 6'0""",71kg / 157lbs,Right,€1.5M
Jorge Moreno CB,21,"Osasuna
2023 ~ 2025","184cm / 6'0""",80kg / 176lbs,Right,€1.5M
Herrando CB,22,"Osasuna
2018 ~ 2027","192cm / 6'4""",76kg / 168lbs,Left,€1.5M
L. Bogarde CDM CM CB,19,"Aston Villa
2021 ~ 2026","183cm / 6'0""",70kg / 154lbs,Right,€1.3M
F. Chiarodia CB,18,"Borussia Mönchengladbach
2023 ~ 2027","186cm / 6'1""",78kg / 172lbs,Left,€1.4M
Héctor Fort RB CB,16,"FC Barcelona
2022 ~ 2025","185cm / 6'1""",78kg / 172lbs,Right,€1.4M
Egiluz CB,21,"Athletic Club
2023 ~ 2024","186cm / 6'1""",81kg / 179lbs,Right,€1.2M
Parada LB CB,21,"Deportivo Alavés
2022 ~ 2024","187cm / 6'2""",76kg / 168lbs,Left,€1.3M
Adri Miranda CB LB,20,"Cádiz
2023 ~ 2026","183cm / 6'0""",72kg / 159lbs,Left,€1.3M
Miki Bosch CB,22,"Granada
2022 ~ 2024","190cm / 6'3""",78kg / 172lbs,Right,€1.2M
A. Murphy CB LB,19,"Newcastle United
2022 ~ 2024","188cm / 6'2""",76kg / 168lbs,Left,€1.2M
Rafael Fernandes CB,21,"LOSC Lille
2024 ~ 2028","191cm / 6'3""",83kg / 183lbs,Right,€1M
L. Mouyokolo CB,22,"Lorient
2018 ~ 2026","194cm / 6'4""",85kg / 187lbs,Right,€1M
N. Adjei CB RB,20,"Lorient
Jun 30, 2024 On loan","186cm / 6'1""",77kg / 170lbs,Right,€1.1M
N. Collins CB,19,"Eintracht Frankfurt
2023 ~ 2028","191cm / 6'3""",84kg / 185lbs,Right,€1.2M
D. Bartesaghi LB CB,17,"Milan
2023 ~ 2026","193cm / 6'4""",84kg / 185lbs,Left,€1M
M. Faye CB LB,18,"FC Barcelona
2023 ~ 2027","186cm / 6'1""",81kg / 179lbs,Left,€1.1M
Jacobo CB,18,"Real Madrid
2023 ~ 2028","190cm / 6'3""",78kg / 172lbs,Right,€1M
Marvel CB,20,"Real Madrid
2022 ~ 2025","184cm / 6'0""",81kg / 179lbs,Left,€1.1M
Rubén Iranzo CB RB,20,"Valencia
2021 ~ 2025","182cm / 6'0""",69kg / 152lbs,Right,€975K
N. Michelis CB,22,"Osasuna
Jun 30, 2024 On loan","192cm / 6'4""",79kg / 174lbs,Left,€1.1M
A. Yaakobishvili CB,18,"Girona
2023 ~ 2028","193cm / 6'4""",86kg / 190lbs,Right,€1.1M
A. Gilchrist CB,19,"Chelsea
2022 ~ 2025","184cm / 6'0""",78kg / 172lbs,Right,€975K
S. Curtis RB CB RWB,17,"Sheffield United
2024 ~ 2027","185cm / 6'1""",76kg / 168lbs,Right,€1M
O. Offiah CB RB,20,"Brighton & Hove Albion
2021 ~ 2024","181cm / 5'11""",81kg / 179lbs,Right,€900K
Kim Ji Soo CB,18,"Brentford
2023 ~ 2027","192cm / 6'4""",73kg / 161lbs,Right,€875K
J. Jacquet CB,17,"Clermont
Jun 30, 2024 On loan","188cm / 6'2""",77kg / 170lbs,Right,€925K
M. Doucouré CB CDM,25,"Borussia Mönchengladbach
2016 ~ 2024","183cm / 6'0""",78kg / 172lbs,Left,€525K
R. Smajić CB,19,"FC Köln
2022 ~ 2025","190cm / 6'3""",82kg / 181lbs,Right,€975K
Marco Moreno CB,22,"Atlético Madrid
2022 ~ 2025","191cm / 6'3""",78kg / 172lbs,Right,€825K
Pau Cubarsí CB,16,"FC Barcelona
2023 ~ 2026","182cm / 6'0""",75kg / 165lbs,Right,€925K
Andrés Caro CB RB,19,"Real Betis
2020 ~ 2025","185cm / 6'1""",71kg / 157lbs,Right,€875K
Darío RB CB,20,"Sevilla
2023 ~ 2025","178cm / 5'10""",72kg / 159lbs,Right,€925K
René Pérez CDM CB CM,22,"Almería
2023 ~ 2024","184cm / 6'0""",75kg / 165lbs,Right,€850K
R. Walters RB CB,18,"Arsenal
2022 ~ 2024","183cm / 6'0""",65kg / 143lbs,Right,€800K
W. Kambwala CB,18,"Manchester United
2021 ~ 2025","192cm / 6'4""",77kg / 170lbs,Right,€775K
S. Sané CB CDM,19,"Metz
2023 ~ 2028","182cm / 6'0""",77kg / 170lbs,Right,€725K
B. Meupiyou CB,17,"Nantes
2023 ~ 2028","191cm / 6'3""",76kg / 168lbs,Left,€975K
C. Röcker LWB CB,29,"Werder Bremen
2023 ~ 2026","186cm / 6'1""",77kg / 170lbs,Left,€300K
D. Ihendu CB,17,"Werder Bremen
2023 ~ 2026","194cm / 6'4""",87kg / 192lbs,Right,€775K
M. Tolba RB CB,18,"VfL Bochum 1848
2022 ~ 2025","185cm / 6'1""",76kg / 168lbs,Right,€650K
M. Adopo CM CDM CB,22,"Atalanta
2023 ~ 2027","187cm / 6'2""",84kg / 185lbs,Right,€725K
J. Simić CB RB CDM,18,"Milan
2023 ~ 2025","186cm / 6'1""",77kg / 170lbs,Right,€1M
M. Ilić CB,20,"Bologna
2024 ~ 2026","192cm / 6'4""",90kg / 198lbs,Right,€675K
W. Amey CB,17,"Bologna
2021 ~ 2025","187cm / 6'2""",75kg / 165lbs,Right,€975K
S. Kalaj CB,23,"Frosinone
2022 ~ 2026","193cm / 6'4""",79kg / 174lbs,Right,€675K
Mateus Lusuardi CB,19,"Frosinone
2023 ~ 2026","190cm / 6'3""",80kg / 176lbs,Left,€650K
M. Gómez CB,24,"Atlético Madrid
2022 ~ 2024","197cm / 6'6""",88kg / 194lbs,Right,€600K
S. Pino CB,20,"Deportivo Alavés
2023 ~ 2026","195cm / 6'5""",86kg / 190lbs,Right,€750K
L. Sangaré CM RB CB,21,"Granada
2023 ~ 2024","184cm / 6'0""",77kg / 170lbs,Right,€725K
T. Foran CB,19,"Arsenal
2022 ~ 2024","196cm / 6'5""",86kg / 190lbs,Right,€500K
J. Brooking CB RB,20,"Chelsea
2020 ~ 2024","185cm / 6'1""",77kg / 170lbs,Right,€550K
A. Dorrington CB,18,"Tottenham Hotspur
2023 ~ 2026","192cm / 6'4""",78kg / 172lbs,Right,€750K
A. Lô CB RB,23,"Metz
2019 ~ 2025","183cm / 6'0""",76kg / 168lbs,Right,€500K
T. Buchmann CB,18,"FC Bayern München
2023 ~ 2026","188cm / 6'2""",79kg / 174lbs,Right,€650K
L. Denk CB CDM,20,"FC Bayern München
2023 ~ 2024","185cm / 6'1""",78kg / 172lbs,Right,€500K
E. Bakatukanda CB,19,"FC Köln
2023 ~ 2026","193cm / 6'4""",76kg / 168lbs,Right,€600K
M. Monamay CB CDM,17,"Bayer 04 Leverkusen
2023 ~ 2025","185cm / 6'1""",72kg / 159lbs,Right,€725K
P. Comuzzo CB,18,"Fiorentina
2023 ~ 2025","183cm / 6'0""",75kg / 165lbs,Right,€600K
Lalo Aguilar CB,21,"Atlético Madrid
Jun 30, 2024 On loan","188cm / 6'2""",82kg / 181lbs,Right,€575K
N. Mendy LB CB,18,"Real Betis
Jun 30, 2024 On loan","187cm / 6'2""",80kg / 176lbs,Left,€550K
Javi Domínguez CB,22,"Celta de Vigo
2022 ~ 2026","195cm / 6'5""",83kg / 183lbs,Right,€575K
Diego Méndez CB CM RB,19,"Rayo Vallecano
2021 ~ 2024","182cm / 6'0""",75kg / 165lbs,Right,€550K
A. Nallo CB,16,"Liverpool
2023 ~ 2027","186cm / 6'1""",72kg / 159lbs,Right,€525K
O. Scarles LB LM CB,17,"West Ham United
2022 ~ 2027","180cm / 5'11""",75kg / 165lbs,Left,€550K
B. Fredrick CB RB,18,"Brentford
2023 ~ 2024","187cm / 6'2""",80kg / 176lbs,Right,€550K
Y. Gomis CB,17,"Le Havre
2022 ~ 2025","186cm / 6'1""",70kg / 154lbs,Right,€525K
I. Digberekou CB,18,"Borussia Mönchengladbach
2023 ~ 2026","188cm / 6'2""",78kg / 172lbs,Right,€550K
R. Münz CB,17,"Bayer 04 Leverkusen
2023 ~ 2028","185cm / 6'1""",75kg / 165lbs,Left,€475K
A. Chase CB,19,"VfB Stuttgart
2024 ~ 2024","188cm / 6'2""",81kg / 179lbs,Right,€500K
L. Wilhelm CB,20,"FSV Mainz 05
2023 ~ 2024","186cm / 6'1""",80kg / 176lbs,Right,€450K
N. Engelbreth CDM CB,18,"FC Union Berlin
2024 ~ 2026","186cm / 6'1""",76kg / 168lbs,Right,€500K
O. Ogbemudia CB,16,"FC Union Berlin
2023 ~ 2028","185cm / 6'1""",80kg / 176lbs,Right,€525K
T. Drexler CB,18,"TSG Hoffenheim
2024 ~ 2027","186cm / 6'1""",75kg / 165lbs,Right,€550K
N. König CB,20,"TSG Hoffenheim
2021 ~ 2025","188cm / 6'2""",86kg / 190lbs,Right,€500K
T. Köhler CB,18,"RB Leipzig
2023 ~ 2026","191cm / 6'3""",81kg / 179lbs,Right,€550K
R. Welch CB,19,"Everton
2021 ~ 2026","197cm / 6'6""",88kg / 194lbs,Right,€450K
T. Fredricson CB,18,"Manchester United
2022 ~ 2025","184cm / 6'0""",70kg / 154lbs,Right,€450K
H. Ogunneye RB CB,17,"Manchester United
2022 ~ 2025","175cm / 5'9""",64kg / 141lbs,Right,€475K
L. De Fougerolles CB RB LB,17,"Fulham
2023 ~ 2025","180cm / 5'11""",76kg / 168lbs,Right,€525K
M. Kinsey CB,18,"AFC Bournemouth
2023 ~ 2025","183cm / 6'0""",76kg / 168lbs,Right,€450K
S. Baseya CB,18,"Strasbourg
2023 ~ 2026","189cm / 6'2""",76kg / 168lbs,Right,€475K
E. Kohler CDM CB,18,"Werder Bremen
2023 ~ 2026","183cm / 6'0""",75kg / 165lbs,Right,€500K
P. Schulz CDM CB,18,"FSV Mainz 05
2022 ~ 2025","185cm / 6'1""",80kg / 176lbs,Right,€625K
M. Dal CB,17,"FSV Mainz 05
2023 ~ 2027","188cm / 6'2""",79kg / 174lbs,Left,€525K
M. Braun LB CB,18,"VfL Wolfsburg
2023 ~ 2026","184cm / 6'0""",77kg / 170lbs,Left,€500K
D. Gebuhr CB,20,"Eintracht Frankfurt
2023 ~ 2025","188cm / 6'2""",86kg / 190lbs,Right,€500K
P. Comi CB CDM,18,"Atalanta
2023 ~ 2025","180cm / 5'11""",70kg / 154lbs,Right,€475K
F. Ruggeri CB LB RB,18,"Lazio
2021 ~ 2026","180cm / 5'11""",75kg / 165lbs,Right,€475K
J. Abankwah CB RB,19,"Udinese
2022 ~ 2026","182cm / 6'0""",79kg / 174lbs,Right,€450K
A. Tikvic CB,19,"Udinese
2023 ~ 2028","195cm / 6'5""",89kg / 196lbs,Left,€450K
Arribas CB LB,20,"Rayo Vallecano
2023 ~ 2024","185cm / 6'1""",78kg / 172lbs,Left,€450K
K. Casey CB,18,"West Ham United
2022 ~ 2027","185cm / 6'1""",70kg / 154lbs,Right,€400K
D. Bautista CB,18,"Eintracht Frankfurt
2023 ~ 2028","178cm / 5'10""",75kg / 165lbs,Left,€350K
N. Aberdin CB RB,20,"Getafe
2023 ~ 2024","180cm / 5'11""",75kg / 165lbs,Right,€375K
M. Forbes CB,19,"West Ham United
2022 ~ 2026","188cm / 6'2""",76kg / 168lbs,Left,€325K
L. Laing CB RB,20,"West Ham United
2021 ~ 2024","188cm / 6'2""",74kg / 163lbs,Right,€325K
A. Pond CB,19,"Wolverhampton Wanderers
2022 ~ 2027","188cm / 6'2""",86kg / 190lbs,Right,€350K
O. Tipton CB CDM,19,"Wolverhampton Wanderers
2020 ~ 2025","185cm / 6'1""",74kg / 163lbs,Right,€275K
T. Pittino CB,18,"Genoa
2023 ~ 2026","185cm / 6'1""",78kg / 172lbs,Right,€230K
S. Goglichidze CB,19,"Empoli
2024 ~ 2027","182cm / 6'0""",78kg / 172lbs,Right,€190K
